4099753	Arkansas	Arkansas	'Akanaka,A-khen-set,AR,Aakinsoo Hahoodzo,Akennsas,Arcansas,Arcansia,Arkansas,Arkansas suyu,Arkansaso,Arkanzas,Arkanzas Shtati,Arkanzasa,Arkanzasas,Arkanzasos,Arkinso,Arkinsọ,Land of Opportunity,Shtat Arkanzas,State of Arkansas,a ken se zhou,akanso ju,akanso zhou,arakanasasa,arakansasa,arakasa,arkanasasa,arkanca,arkansa,arkansah,arkansas,arkanzas,arknsas,rath xarkhansx,yarknsas,Áákinsoo Hahoodzo,Â-khén-set,Ārkanzasa,Αρκάνσας,Арканзас,Штат Арканзас,Әркәнзә,Արկանզաս,ארקנסו,ארקענסא,آرکانزاس,آرکانساس,آرکنساس,أركنساس,ئارکنساس,اركنساس,ܐܪܟܢܣܐܣ,अरकांसास,अर्कान्स,आर्कान्सः,आर्कान्सा,আরকান্‌সাস,আর্কানসাস,ਆਰਕੰਸਾ,અરકાનસાસ,ஆர்கன்சா,ఆర్కాన్సా,ಅರ್ಕಾನ್ಸಾಸ್,അർക്കൻസാസ്,รัฐอาร์คันซอ,ཨར་ཁན་སཱ་སི།,အာကင်ဆောပြည်နယ်,არკანზასი,አርካንሳው,‘Akanaka,アーカンソー州,阿肯色州,아칸소 주	34.75037	-92.50044	A	ADM1	US		AR				2757631	185	208	America/Chicago	2011-08-25
4138106	District of Columbia	District of Columbia	D.C.,DC,District of Columbia,Distrito de Columbia,Okrug Kolumbija,Washington D.C.,Washington DC,Washington  D.C.,keolleombia teugbyeolgu,washinton D.C.,washinton・koronbia te bie qu,wosingteon D.C.,Округ Колумбия,ワシントン D.C.,ワシントン・コロンビア特別区,워싱턴 D.C.,컬럼비아 특별구	38.91706	-77.00025	A	ADM1	US		DC				552433	27	29	America/New_York	2014-02-24
4142224	Delaware	Delaware	DE,Delauaare,Delaue"r,Delavar,Delavaria,Delavaro,Delavehr,Delaver,Delavera,Delaveras,Delavers,Delavēra,Delaware,Delaware suyu,Delawe,Delawee Hahoodzo,Delawiyer Shitati,Delawè,Délawiyer Shitati,Déláwee Hahoodzo,Déláwè,First State,Kelawea,Ntelagouer,Shtat Dehlavehr,State of Delaware,Thit-la-nga,Thi̍t-lâ-ngá,dela'oyyara,delave'ara,delaver,delavera,delaveris shtʼatʼi,delaveyara,dellaweeo ju,derau~ea zhou,dlawyr,dylawyr,dێlawێr,te la hua zhou,telaveyar,Ντέλαγουερ,Делавар,Делавер,Делавэр,Делауеър,Деләәвр,Штат Дэлавэр,Դելավեր,דלאוור,דעלעווער,دلاویر,ديلاوير,دێلاوێر,ڈیلاویئر,ܕܝܠܐܘܝܪ,डेलावेयर,डेलावेर,डेलावेर्,देलावेर,ডেলাওয়্যার,ਡੇਲਾਵੇਅਰ,டெலவெயர்,ഡെലവെയർ,รัฐเดลาแวร์,དྷེའི་ལ་ཝར།,ဒယ်လာဝဲပြည်နယ်,დელავერის შტატი,ዴላዌር,デラウェア州,特拉华州,特拉華州,델라웨어 주	39.00039	-75.49992	A	ADM1	US		DE				838549	9	8	America/New_York	2011-08-25
4155751	Florida	Florida	FL,Floarida,Florid,Florida,Florida Shitati,Florida suyu,Floridae,Floride,Florido,Florinta,Floryda,Flórida,Flórída,Flórídạ,Fu-lo-li-that,Fu-lò-lî-tha̍t,Loodah Hahoodzo,Ploorid,Pololika,Shtat Flaryda,State of Florida,Sunshine State,falaurida,florida,flwryda,fu luo li da zhou,furorida zhou,ke li da sheng,peullolida ju,phlarida,phlearida,phlorida,plorida,plwrydh,pulorita,rath flxrida,Łóodah Hahoodzo,Φλόριντα,Плоорид,Флоридæ,Флорида,Штат Фларыда,Ֆլորիդա,פלארידע,פלורידה,فلوريدا,فلوریدا,فلوریڈا,فلۆریدا,फ़्लोरिडा,फ्लोरिडा,फ्लोरिदा,फ्‍लोरिडा,ফ্লোরিডা,ਫ਼ਲੌਰਿਡਾ,புளோரிடா,ఫ్లోరిడా,ಫ್ಲಾರಿಡ,ഫ്ലോറിഡ,รัฐฟลอริดา,ཧྥོ་ལོ་རི་ཌ།,ဖလော်ရီဒါပြည်နယ်,ფლორიდა,ፍሎሪዳ,ᑉᓘᕇᑖ,フロリダ州,佛罗里达州,科利打省,플로리다 주	28.75054	-82.5001	A	ADM1	US		FL				17671452	26	32	America/New_York	2013-01-11
4197000	Georgia	Georgia	Dzhordzhija,Estado de Georgia,GA,Georgia,Georgie,Georgio,Geórgia,Géorgie,Peach State,State of Georgia,jojia zhou,Джорджия,ジョージア州	32.75042	-83.50018	A	ADM1	US		GA				8975842	155	161	America/New_York	2014-05-26
4273857	Kansas	Kansas	Estado de Kansas,KS,Kaanzs,Kanekaka,Kansas,Kansas suyu,Kansaso,Kansia,Kanzas,Kanzas Shitati,Kanzasa,Kanzasas,Kanzasos,Kensas,Kensis Hahoodzo,Kham-sat-su,Khâm-sat-sṳ̂,Kánzạs,Kènsas,Kénsis Hahoodzo,Shtat Kanzas,State of Kansas,Sunflower State,gan sha sheng,kaenjaseu ju,kan sa si zhou,kansas,kansasa,kanzas,kanzasu zhou,kencas,kensasa,knsas,kyanasasa,qnzs,Κάνσας,Каанзс,Канзас,Штат Канзас,Կանզաս,קנזס,קענזעס,كانساس,کانزاس,کنساس,ܟܐܢܣܐܣ,कॅन्सस,केन्सास,केन्‍सास,ক্যানসাস,ਕਾਂਸਸ,કેન્સાસ,கேன்சஸ்,కాన్సాస్,ಕನ್ಸಾಸ್/ಕಾನ್ಸಾಸ್‌‌,കാൻസസ്,รัฐแคนซัส,ཁན་སཱ་སི།,ကန်းဆပ်ပြည်နယ်,კანზასი,ካንሳስ,カンザス州,堪薩斯州,干沙省,캔자스 주	38.50029	-98.50063	A	ADM1	US		KS				2740759	545	546	America/Chicago	2011-08-25
4331987	Louisiana	Louisiana	Estado de Louisiana,LA,Liwíízíʼeenah Hahoodzo,Loisiana,Louisiana,Louisiana osariik,Louisiana suyu,Louisiane,Louisiann-a,Louisiāna,Louiziana,Loyizanna Shitati,Loïsiana,Lu-yi-su-on-na,Lu-yi-sṳ̂-ôn-ná,Ludoviciana,Luikiana,Luisian-a,Luisiana,Luizeana,Luiziana,Luizianae,Luiziano,Luizijana,Luiziāna,Luizjana,Luizėana,Lujziana,Luwisiana,Luwisiyana,Luwisiánà,Lwiziana,Pelican State,Shtat Luizijana,State of Louisiana,la Luisiana,lu yi si an na zhou,lu'ijhiyana,lu'ijiyana,lu'isiyana,lu'izi'ana,lu'iziyana,lu-ijiaena ju,luciyana,luiziana,lusiyana,luyisiyana,lwyyzyana,lwyzyana,lwzyana,lyu'isiyana,rath luyseiyna,ruijiana zhou,Λουιζιάνα,Лувизән,Луизианæ,Луизиана,Луизијана,Луйзиана,Луїзіана,Штат Луізіяна,Լուիզիանա,לואיזיאנא,לואיזיאנה,لوئزیانا,لوئیزیانا,لوزیانا,لويزيانا,لویزیانا,लुईज़ियाना,लुईजियाना,लुईझियाना,লুইজিয়ানা,লুইসিয়ানা,ਲੂਈਜ਼ੀਆਨਾ,લ્યુઇસિયાના,லூசியானா,లూసియానా,ಲೂಯಿಸಿಯಾನ,ലുയീസിയാന,รัฐลุยเซียนา,ལུའི་ཟི་ཨཱན་ནཱ།,လူဝီစီယားနားပြည်နယ်,ლუიზიანა,ሉዊዚያና,ᓗᐄᓰᐋᓈ,ルイジアナ州,路易斯安那州,루이지애나 주	31.00047	-92.0004	A	ADM1	US		LA				4515939	14	15	America/Chicago	2011-08-25
4361885	Maryland	Maryland	MD,Ma-li-lan,Marianland,Marilando,Marylan,Maryland,Maryland Shitati,Maryland suyu,Marylân,Meelin Hahoodzo,Mehrilehnd,Mehrilend,Melelana,Meriland,Merilandas,Merilands,Merilann,Merilant,Merilend,Merilenda,Mâ-lî-làn,Méelin Hahoodzo,Mérílạnd,Mērilenda,Old Line State,Shtat Mehrylend,State of Maryland,Terra Mariae,Tir Maria,ma li lan zhou,mairilainda,maryland,melillaendeu ju,merilainda,merilamda,merilantu,merilendi,merilyand,merilyanda,merirando zhou,mrylnd,mێrylەnd,Μέριλαντ,Мериленд,Меріленд,Мэриленд,Мэрилэнд,Штат Мэрыленд,Մերիլենդ,מארילאנד,מרילנד,ماريلاند,مریلند,میرِلَنڈ,میری لینڈ,مێریلەند,ܡܐܪܝܠܐܢܕ,मेरिलैंड,मेरीलँड,मैरीलैंड,মেরিল্যান্ড,ਮੈਰੀਲੈਂਡ,மேரிலாந்து,మేరీల్యాండ్,ಮೇರಿಲ್ಯಾಂಡ್,മെരിലാൻ‌ഡ്,รัฐแมริแลนด์,མ་རིས་ལེན་ཌ།,မေရီလန်းပြည်နယ်,მერილენდი,ሜሪላንድ,メリーランド州,馬利蘭州,马里兰州,메릴랜드 주	39.00039	-76.74997	A	ADM1	US		MD				5624246	42	51	America/New_York	2011-08-25
4398678	Missouri	Missouri	Estado de Missouri,Ipinle Missouri,MO,Mesures,Met-su-li,Me̍t-sû-lî,Mikouli,Misoria,Misouri,Missori,Missori Shitati,Missorí,Missouri,Missouri osariik,Missouri suyu,Missoury,Missoùri,Missuri,Missuria,Missúri,Misuri,Misurio,Misuris,Misūri,Misūris,Mizoowii Hahoodzo,Mizouri,Mizuri,Mizurị,Mizuuri,Mėsūrės,Show-Me State,Shtat Misury,State of Missouri,mei shu li sheng,mi su li zhou,micuri,mijhori,mijuli ju,mijuri,misauri,miseari,misuri,misuris shtʼatʼi,mizuri,mizuri zhou,mswry,myzwry,rath missuri,Ìpínlẹ̀ Missouri,Μιζούρι,Мизуури,Миссури,Мисури,Міссурі,Штат Місуры,Միսսուրի,מיזורי,مسوری,ميزورى,ميزوري,میزوری,ܡܝܙܘܪܝ,मिसूरी,मिसौरी,মিজুরি,মিসৌরি,ਮਿਜ਼ੂਰੀ,મિઝોરી,மிசூரி,ಮಿಸೌರಿ,മിസോറി,รัฐมิสซูรี,မစ်ဆိုရီပြည်နယ်,მისურის შტატი,ሚዙሪ,ミズーリ州,密蘇里州,美疏利省,미주리 주	38.25031	-92.50046	A	ADM1	US		MO				5768151	238	246	America/Chicago	2014-05-26
4436296	Mississippi	Mississippi	Estado de Mississippi,Etat du Mississippi,Ipinle Mississippi,MS,Magnolia State,Mesesepe,Met-si-si-pi,Me̍t-sî-sî-pí,Mikikipi,Misciscippi,Misisip,Misisipe,Misisipi,Misisipii Hahoodzo,Misisipio,Misisipė,Missisipi,Missisipi Shitati,Mississipi,Mississippi,Mississippi osariik,Mississippi suyu,Mississippia,Mississippy,Mississipí,Mississípi,Mísísípii Hahoodzo,Mėsėsėpė,Shtat Misisipi,State of Mississippi,ayalt mysysypy,mi xi xi bi zhou,micicippi,mishishippi zhou,misisipi,misisipi ju,misisippi,misisipʼis shtʼatʼi,mssspy,msyspy,msysyby,mysysypy,rath mississippi,État du Mississippi,Ìpínlẹ̀ Mississippi,Μισισίπι,Мисисип,Мисисипи,Миссисипи,Миссиссиппи,Міссісіпі,Штат Місісіпі,Միսսիսիպի,מיסיסיפי,ایالت میسیسیپی,مسسسپی,مسيسيبى,مسيسيبي,مسیسپی,میسیسیپی,می‌سی‌سی‌پی,मिसिसिपि,मिसिसिपी,मिसिसिप्पी,মিসিসিপি,ਮਿਸੀਸਿੱਪੀ,மிசிசிப்பி,మిసిసిపీ,മിസിസിപ്പി,รัฐมิสซิสซิปปี,མི་སི་སི་ཕི།,မစ္စစ္စပီပြည်နယ်,მისისიპის შტატი,ሚሲሲፒ,ᒦᓰᓰᐲ,ミシシッピ州,密西西比州,미시시피 주	32.75041	-89.75036	A	ADM1	US		MS				2901371	110	122	America/Chicago	2014-05-26
4482348	North Carolina	North Carolina	Ar Karelajn,Ariwa Carolina,Bac Carolina,Bắc Carolina,Caegat Karolinae,Carolin-a del Nord,Carolin-a dël Nòrd,Carolina Hwoaie,Carolina Mictlampa,Carolina Mictlāmpa,Carolina Septentrionalis,Carolina Thuaidh,Carolina Utara,Carolina a Tuath,Carolina de Nord,Carolina del Nord,Carolina del Norte,Carolina del Nòrd,Carolina do Norte,Carolina du Nord,Carolina dû Nord,Caroline du Nord,Carolinn-a do Nord,Curcer Karolina,Davvi-Carolina,Estado de Carolina del Norte,Eszak-Karolina,Gogledd Carolina,Hilagang Karolina,Hyusisayin Karolina,Ipar Carolina,Judvel Karoline,Jydvel Karolina,Karolin dino,Karolin dinò,Karolina Gledh,Karolina Polnocna,Karolina Północna,Karolina del Norte,Karolinaya Bakur,Karolinaya Zimey,Karolinaya Zımey,Karolînaya Bakur,Kuzey Karolina,NC,Nahookosji Keelaanah Hahoodzo,Noard-Karolina,Noord-Carolina,Nord-Carolina,Norda Karolino,Norda-Karolina,Nordur-Karolina,Nort Karolina,Nort Kárólínạ,North Carolina,North Carolina suyu,Norður-Karólína,Norþ Carolīna,Not Carolina,Náhookǫsjí Kééláanah Hahoodzo,Pangulung Carolina,Pet Kha-lo-loi-nap,Pet Khà-lò-lòi-na̍p,Pivnichna Karolina,Pohja-Carolina,Pohjois-Carolina,Poyraz Karolina,Pulnocno Karolina,Põhja-Carolina,Půłnocno Karolina,Severna Karolina,Severnaja Karolina,Severni Karolina,Severná Karolína,Severní Karolína,Shimaliy Karolina Shitati,Shimoliy Karolina,Shtat Paunochnaja Karalina,Siaures Karolina,Simali Karolina,Sjeverna Karolina,State of North Carolina,Tar Heel State,Voreia Karolina,Yvate Karolina,Ziemelkarolina,Ziemeļkarolīna,bei ka luo lai na zhou,karwlayna alshmalyh,karwlayna alshmalyt,karwlynay shmaly,nartha kerolaina,nartha kyarola'ina,northa kerolina,noseukaelollaina ju,nosukaroraina zhou,qrwlyynh hzpwnyt,shmaly karwlyna,shmaly kyrwlyna,utari kairolina,uttara kairolina,uttari kerolina,vata karolaina,Àríwá Carolina,Çурçĕр Каролина,Észak-Karolina,Şimali Karolina,Šiaurės Karolina,Βόρεια Καρολίνα,Ар Карелайн,Йыдвел Каролина,Йӱдвел Каролине,Північна Кароліна,Северна Каролина,Северная Каролина,Төньяк Каролина,Төньяҡ Каролина,Цæгат Каролинæ,Штат Паўночная Караліна,Հյուսիսային Կարոլինա,צפון קאראליינע,קרוליינה הצפונית,شمالی کارولینا,شمالی کیرولینا,كارولاينا الشمالية,كارولاينا الشماليه,نارتھ کیرولائنا,کارولینای شمالی,کارۆلینای باکوور,उत्तर कैरोलिना,उत्तरी केरोलिना,नार्थ केरोलैना,नॉर्थ कॅरोलिना,নর্থ ক্যারোলাইনা,ਉੱਤਰੀ ਕੈਰੋਲੀਨਾ,வட கரொலைனா,വടക്കൻ കരൊലൈന,รัฐนอร์ทแคโรไลนา,မြောက်ကယ်ရိုလိုင်းနားပြည်နယ်,ჩრდილოეთი კაროლინა,ኖርዝ ካሮላይና,ᑳᕉᓖᓈ ᑐᓄᕕᐊᖅ,ノースカロライナ州,北卡罗来纳州,北卡羅萊納州,노스캐롤라이나 주	35.50069	-80.00032	A	ADM1	US		NC				8611367	137	140	America/New_York	2011-08-25
4544379	Oklahoma	Oklahoma	'Okalahoma,Estado de Oklahoma,Halgai Hoteel Hahoodzo,Halgai Hóteel Hahoodzo,Heevahetaneno,Heévȧhetanéno,O-khiet-la-ho-ma,O-khiet-lâ-hò-mâ,OK,Oclahoma,Oklachoma,Oklahoma,Oklahoma suyu,Oklahomo,Oklakhom,Oklakhoma,Oklakhomae,Oklawoma,Oklaxoma,Oklaxoma Shitati,Shtat Aklakhoma,Sooner State,State of Oklahoma,Uoklahuma,Uoklahůma,aklahma,ao ke la he ma zhou,awklahama,awklahwma,okalahoma,okeullahoma ju,oklahoma,oklakoma,okurahoma zhou,rath xo khla ho ma,yۆklaھۆma,Οκλαχόμα,Оклаhома,Оклахом,Оклахомæ,Оклахома,Штат Аклахома,Օկլահոմա,אוקלהומה,אקלעהאמע,أوكلاهوما,ئۆکلاھۆما,اوكلاهوما,اوکلاهاما,اوکلاہوما,اکلاهما,ܐܘܟܠܐܗܘܡܐ,ओक्लाहोमा,ओक्‍लाहोमा,ওকলাহোমা,ওক‌লাহোমা,ਓਕਲਾਹੋਮਾ,ઓક્લાહોમા,ஓக்லகோமா,ఓక్లహోమా,ಒಕ್ಲಹೋಮ,ഒക്‌ലഹോമ,รัฐโอคลาโฮมา,ဥက္ကလာဟိုးမားပြည်နယ်,ოკლაჰომა,ኦክላሆማ,ᎣᎦᎳᎰᎹ,ᐆᑳᓛᓲᒫ,‘Okalahoma,オクラホマ州,奧克拉何馬州,奧克拉荷馬州,오클라호마 주	35.49209	-97.50328	A	ADM1	US		OK				3547049	369	395	America/Chicago	2011-10-21
4597040	South Carolina	South Carolina	Carolin-a del Sud,Carolin-a dël Sud,Carolina Huitztlampa,Carolina Huitztlāmpa,Carolina Meridionalis,Carolina Selatan,Carolina Theas,Carolina Yiass,Carolina de Sud,Carolina del Sud,Carolina del Sued,Carolina del Sur,Carolina del Süd,Carolina do Sud,Carolina do Sul,Carolina do Sur,Carolina du Sud,Carolina dû Sud,Caroline du Sud,Carolinn-a do Sud,Cənubi Karolina,De Carolina,Del-Karolina,Dienvidkarolina,Dienvidkarolīna,Dél-Karolina,Estado de Carolina del Sur,Etelae-Carolina,Etelä-Carolina,Gueney Karolina,Guusu Carolina,Gúúsù Carolina,Güney Karolina,Haravayin Karolina,Hego Carolina,Janubiy Karolina,Jenubiy Karolina Shitati,Jizni Karolina,Jižní Karolína,Juzhna Karolina,Juzhnaja Karolina,Juzna Karolina,Južna Karolina,Južná Karolína,Kalolaina Hema,Kantar Karolina,Karolin disid,Karolina Antsimo,Karolina Dheghow,Karolina Poludniowa,Karolina Południowa,Karolinaya Basur,Karolinaya Veroci,Karolînaya Başûr,Karôlina Antsimo,Kechyvalvel Karolina,Khussar Karolinae,Louna-Carolina,Lulli-Carolina,Lõuna-Carolina,Mauling Carolina,Nam Carolina,Nam Kha-lo-loi-nap,Nleda anyanwu Karolina,Nleda anyanwu Kàròlina,Notia Karolina,Nàm Khà-lò-lòi-na̍p,Palmetto State,Peitu Karolena,Pietu Karolina,Pietų Karolina,Pivdenna Karolina,Polednowo Karolina,Połedńowo Karolina,Pėitū Karolėna,SC,Saut Carolina,Shtat Paudnjovaja Karalina,Shádiʼááhjí Kééláanah Hahoodzo,Sooth Carolina,Sor-Carolina,South Carolina,South Carolina suyu,State of South Carolina,Sud-Karolina,Suda Karolino,Suda-Karolina,Sudur-Karolina,Sueued-Carolina,Suid-Carolina,Suth Carolina,Suður-Karólína,Sør-Carolina,Súd-Karolina,Süüd-Carolina,Sūþ Carolīna,Timog Karolina,UEuelen Karolina,Yvy Karolina,dakhani kairolina,daksina kerolina,jnwby karwlyna,jnwby kyrwlyna,karwlayna aljnwbyh,karwlayna aljnwbyt,karwlynay jnwby,nan ka luo lai na zhou,qrwlyynh hdrwmyt,sa'utha kerolaina,sa'utha kerolina,sa'utha kyarola'ina,sauseukaelollaina ju,sausukaroraina zhou,ten karolaina,Üülen Karolina,Νότια Καρολίνα,Јужна Каролина,Кăнтăр Каролина,Кечӹвӓлвел Каролина,Көньяк Каролина,Південна Кароліна,Хуссар Каролинæ,Штат Паўднёвая Караліна,Южна Каролина,Южная Каролина,Өмнә Карелайн,Հարավային Կարոլինա,דרום קאראליינע,קרוליינה הדרומית,جنوبی کارولینا,جنوبی کیرولینا,ساؤتھ کیرولائنا,كارولاينا الجنوبية,كارولاينا الجنوبيه,کارولینای جنوبی,کارۆلینای باشوور,साउथ कॅरोलिना,साउथ केरोलैना,साउथ क्यारोलाइना,সাউথ ক্যারোলাইনা,ਦੱਖਣੀ ਕੈਰੋਲੀਨਾ,தென் கரொலைனா,ದಕ್ಷಿಣ ಕೆರೊಲಿನಾ,തെക്കൻ കരൊലൈന,รัฐเซาท์แคโรไลนา,ཁ་རོ་ལི་ན་ལྷོ་ཕྱོགས།,တောင်ကယ်ရိုလိုင်းနားပြည်နယ်,სამხრეთი კაროლინა,ሳውዝ ካሮላይና,ᑳᕉᓖᓈ ᓂᒋᖅ,サウスカロライナ州,南卡罗来纳州,南卡羅萊納州,사우스캐롤라이나 주	34.00043	-81.00009	A	ADM1	US		SC				4229842	92	95	America/New_York	2011-08-25
4662168	Tennessee	Tennessee	Estado de Tennessee,Keneki,Kenekī,Shtat Tehnesi,State of Tennessee,TN,Teneses,Tenesi,Tenesii Hahoodzo,Tenesio,Tenesis,Tenessi,Tenessì,Tenesės,Tenesī,Tennesia,Tennessee,Tennessee suyu,Tennessi,Tennessi Shitati,Tenèsi,Thien-nap-si,Thièn-na̍p-sî,Ténnéssi Shitati,Ténésii Hahoodzo,Volunteer State,rath thennessi,tainesi,tenas'si,teneshi zhou,tenesi,tenesi ju,tenisi,tennasi,tennici,tian na xi zhou,tnsy,tynysy,Τενεσί,Тенеси,Теннесси,Теннессі,Штат Тэнесі,Թենեսի,טנסי,טענעסי,تنسی,تينيسى,تينيسي,تێنێسی,ٹینیسی,टेनिसी,टेनेसी,টেনেসি,টেনেসী,ਟੈਨੇਸੀ,ટેનેસી,டென்னிசி,టేనస్సీ,ടെന്നസി,รัฐเทนเนสซี,ཐེན་ནེ་སི།,တင်နက်ဆီပြည်နယ်,ტენესი,ቴነሲ,テネシー州,田納西州,田纳西州,테네시 주	35.75035	-86.25027	A	ADM1	US		TN				5935099	325	342	America/Chicago	2014-05-26
4736286	Texas	Texas	Akalii Bikeyah,Akałii Bikéyah,Estado de Texas,Estado de la Estrella Solitaria,Kekeka,Lone Star State,Shtat Tehkhas,State of Texas,TX,Tejas,Tekhas,Teksas,Teksas Shitati,Teksasa,Teksasas,Teksaso,Teksasos,Tet-khiet-sat-su,Tet-khiet-sat-sṳ̂,Texas,Texas suyu,Texia,Tohaanoehoeva,Toháanoéhoëva,Tèxas,Téksas Shitati,de ke sa si zhou,de sa si zhou,rath theksas,taikasasa,tegsaseu ju,tekcas,tekisasu zhou,teksas,teksasa,tgzas,tksas,tqss,tʻqsʼs,Τέξας,Теексәс,Тексас,Техас,Тєѯасъ,Штат Тэхас,Տեխաս,טעקסאס,טקסס,تكساس,تگزاس,تێکساس,ٹیکساس,टॅक्सस,टेक्सास,तेक्सास,টেক্সাস,ਟੈਕਸਸ,டெக்சஸ்,టెక్సస్,ಟೆಕ್ಸಸ್,ടെക്സസ്,รัฐเทกซัส,ཋེག་ཟ་སི།,တက္ကဆပ်ပြည်နယ်,ტეხასი,ቴክሳስ,ᑖᒃᓵᔅ,テキサス州,德克萨斯州,德克薩斯州,德薩斯州,텍사스 주	31.25044	-99.25061	A	ADM1	US		TX				22875689	559	564	America/Chicago	2009-10-28
4826850	West Virginia	West Virginia	Albugang Virginia,Anac Virdzhini,Arevmtyan Virjinia,Baruun Virzhini,Bati Virginia,Batys Virginija,Batı Virginia,Dytiki Virtzinia,Eʼeʼaahjí Bijiniyah Hahoodzo,G`arbiy Virjiniya,Gorllewin Virginia,Guenbatisi Virginia,Günbatısı Virginia,Iwoorun Firginia,Kanlurang Virginia,Kuarahyrese Virginia,Kuarahyresẽ Virginia,Laeaene-Virginia,Laensi-Virginia,Länsi-Virginia,Lääne-Virginia,Malkhbuzera Virgini,Mendebaldeko Virginia,Mountain State,Nyguylaen Virdzhini,Nyugat-Virginia,Oarje-Virginia,Okcidenta Virginio,Qərbi Virciniya,Rietumvirdzinija,Rietumvirdžīnija,Shtat Zakhodnjaja Virginija,Si Vi-kit-ni-a,State of West Virginia,Sî Vì-kit-nì-â,Tay Virginia,Tây Virginia,Vadyvel Virgini,Vakaru Virdzineje,Vakaru Virdzinija,Vakarū Virdžinėjė,Vakarų Virdžinija,Vest-Virginia,Vestur-Virginia,Vestur-Virginía,Vijini de Lwes,Vijini de Lwès,Virchinia Occidental,Virginia Barat,Virginia Occidental,Virginia Occidentala,Virginia Occidentale,Virginia Occidentalis,Virginia Ocidental,Virginia Ossidental,Virginia Thiar,Virginia Tlapcopa,Virginia Tlāpcopa,Virginia Uccidintali,Virginia an Iar,Virginia de Vest,Virginia de lOest,Virginia del West,Virginia du Ponant,Virginie-Occidentale,Virginnia Occidenta,Virginnia Oççidentâ,Virgínia Occidentala,Virgínia Ocidental,Virgínia de lOest,Virjinyaya Rojava,Virxinia Occidental,Vyrjynia West,Vîrjînyaya Rojava,WV,Wast Virginie,Wes-Virginie,Wes-Virginië,Wescht Wirschini,West Virginia,West Virginia suyu,West-Firginia,West-Virginia,Westa-Virginia,Westvirginia,Wilikinia Komohana,Wirginia Zachodnia,Yn Virjeeney Heear,Zachodno Wirginijo,Zachodńo Wirgińijo,Zahodna Virginija,Zakhidna Virdzhinija,Zapadna Virdzhinija,Zapadna Virdzinija,Zapadna Virginia,Zapadnaja Virginija,Zapadni Virginie,Západná Virgínia,Západní Virginie,dasavleti virjinia,fyrjynya alghrbyh,fyrjynya alghrbyt,ghrby wyrjynya,merku varjiniya,mghrby wrjynya,oyesta bharjiniya,pachami varajini'a,rath west wexrcineiy,u~esutobajinia zhou,vest varjiniya,vesta vharjiniya,vyrjynyay ڕۆzhawa,weseuteubeojinia ju,wyrgynyh hmʻrbyt,wyrjynyay ghrby,xi wei ji ni ya zhou,xi wei zhen ni ya zhou,yahta bharjiniya,Ìwọ̀orùn Firginia,Δυτική Βιρτζίνια,Анăç Вирджини,Барун Виирҗин,Баруун Виржини,Батыс Виргиния,Вадывел Виргини,Западна Вирджиния,Западна Вирџинија,Западная Виргиния,Західна Вірджинія,Көнбатыш Виргиния,Малхбузера Виргини,Ныгуылæн Вирджини,Штат Заходняя Віргінія,Արևմտյան Վիրջինիա,וועסט ווירדזשיניע,וירגיניה המערבית,غربی ویرجینیا,غەربىي ۋىرگىنىيە شىتاتى,فيرجينيا الغربية,فيرجينيا الغربيه,مغربی ورجینیا,ویرجینیای غربی,ویسٹ ورجینیا,ڤیرجینیای ڕۆژاوا,यःता भर्जिनिया,वेस्ट व्हर्जिनिया,वेस्‍ट वर्जिनिया,ওয়েস্ট ভার্জিনিয়া,ਪੱਛਮੀ ਵਰਜਿਨੀਆ,மேற்கு வர்ஜீனியா,ವೆಸ್ಟ್ ವರ್ಜೀನಿಯ,പടിഞ്ഞാറൻ വിർജീന്യ,รัฐเวสต์เวอร์จิเนีย,အနောက် ဗာဂျီးနီးယားပြည်နယ်,დასავლეთი ვირჯინია,ዌስት ቨርጂኒያ,ウェストバージニア州,西維吉尼亞州,西維珍尼亞州,웨스트버지니아 주	38.50038	-80.50009	A	ADM1	US		WV				1817871	705	702	America/New_York	2011-08-25
4829764	Alabama	Alabama	'Alapama,A-la-pa-ma,AL,Alabama,Alabama Shitati,Alabama suyu,Alabamae,Alabamm-a,Alabamo,Alampama,Alavama,Elabeemah Hahoodzo,Heart of Dixie,Ipinle Alabama,Shtat Alabama,State of Alabama,aellabaema ju,alabama,alapama,alybamas,arabama zhou,elabama,ya la ba ma zhou,Â-lâ-pâ-mâ,Élábéemah Hahoodzo,Ìpínlẹ̀ Alabama,Αλαμπάμα,Алабамæ,Алабама,Штат Алабама,Ալաբամա,אלאבאמא,אלבמה,آلاباما,ألاباما,ئەلاباما,الاباما,ܐܠܒܐܡܐ,अलाबामा,एलबामा,আলাবামা,અલાબામા,அலபாமா,అలబామా,ಅಲಬಾಮ,അലബാമ,รัฐแอละแบมา,ཨ་ལ་པ་མ།,အလာဘားမားပြည်နယ်,ალაბამა,አላባማ,ᐋᓛᐹᒫ,‘Alapama,アラバマ州,亚拉巴马州,앨라배마 주	32.75041	-86.75026	A	ADM1	US		AL				4530315	141	147	America/Chicago	2011-08-25
4831725	Connecticut	Connecticut	CT,Conecticut,Conecticute,Connecticut,Connecticut suyu,Connecticuta,Constitution State,K"nektik"t,Kanetikud,Kanédikiʼ Hahoodzo,Kaonektikioty,Khong-nai-ti-khiet-chu,Không-nái-tí-khiet-chû,Konekikuka,Konektekots,Konektikat,Konektikati,Konektikot,Konektikut,Konektikuta,Konektikutas,Konektikuto,Konektėkots,Konestikut,Konetikut,Konnektikat Shitati,Konnektikut,Konnetikut,Konnéktikat Shitati,Konèktikòt,Kónétíkùt,Shtat Kanektykut,State of Connecticut,kanaitikata,kanekatikata,kanekrrikkatt,kanektikat,kanektikata,kanetikat,kanetikata,kang nai di ke zhou,kang nie di ge,kang nie di ge zhou,kntykt,konechikatto zhou,konetikeos ju,kwnytykt,kۆnێtykt,qwntyqt,rath khxn net thikhat,Κονέκτικατ,Канетикуд,Конектикат,Коннектикут,Кънектикът,Штат Канектыкут,Կոնեկտիկուտ,קאנעטיקעט,קונטיקט,كونيتيكت,کنتیکت,کنکٹیکٹ,کنیکٹیکٹ,کۆنێتیکت,ܟܘܢܝܬܝܟܬ,कनेक्टिकट,कनेक्टिकट्,कनेक्तिकत,কানেকটিকাট,কানেটিকাট,ਕਨੈਟੀਕਟ,கனெடிகட்,ಕನೆಕ್ಟಿಕಟ್,കണെക്റ്റിക്കട്ട്,รัฐคอนเนตทิคัต,ကနနကတကတပြညနယ,ကွန်နက်တီကတ်ပြည်နယ်,კონექტიკუტი,ኮነቲከት,コネチカット州,康乃狄克州,康涅狄格,康湼狄格州,코네티컷 주	41.66704	-72.66648	A	ADM1	US		CT				3527249	45	51	America/New_York	2014-05-26
4862182	Iowa	Iowa	'Iowa,Aawah Hahoodzo,Aioua,Aiova,Ajov,Ajova,Ajovae,Ajovo,Ayova,Ayowa,Hawkeye State,IA,Iova,Iovao,Iowa,Iowa suyu,Lowa Shitati,Oi-ho-fa,Oi-hò-fà,Shtat Ajova,State of Iowa,a'i'ova,a'i'oya,a'iraa,ai ao hua sheng,ai ao wa zhou,ai he hua zhou,aiova,aiowa ju,aiowa zhou,aiyava,ayova,aywa,aywwa,ayywwa,rath xixowa,Áawah Hahoodzo,Áyowạ,İowa,Αϊόβα,Айов,Айовæ,Айова,Айово,Ајова,Штат Аёва,Այովա,איווה,אייאווע,آئیووا,آيوا,آیووا,ئایۆوا,ايوا,ܐܝܐܘܐ,अयोवा,आयोवा,আইওয়া,আইৱা,ਆਇਓਵਾ,આયોવા,அயோவா,ಅಯೋವಾ,ഐയവ,รัฐไอโอวา,ཡོ་བ།,အိုင်အိုဝါပြည်နယ်,აიოვა,አዮዋ,ᐃᐅᕙ,‘Iowa,アイオワ州,埃奧華省,爱荷华州,艾奥瓦州,아이오와 주	42.00027	-93.50049	A	ADM1	US		IA				2955010	292	291	America/Chicago	2011-08-25
4896861	Illinois	Illinois	'Ilinoe,Elenojos,Estado de Illinois,IL,Ilinoi,Ilinois,Ilinoisa,Ilinoj,Ilinojs,Ilinojso,Ilinojus,Ilinoo Hahoodzo,Ilinoys,Ilinwa,Ilinóis,Illinoesia,Illinois,Illinois suyu,Illinoj,Illinojs,Illinoyiz Shitati,Illinoys,Prairie State,Shtat Ilinojs,State of Illinois,Yi-li-no,Yî-li-nò,alynwy,aylynwy,aylynwyz,ilina'e,ilinaya,ilinayasa,ilino'i,ilinoisi,ilinoy,ilinoya,illinayis,illineayi,illinoi ju,irinoi zhou,rath xillinxys,yi li nuo yi zhou,yi li nuo zhou,Ílínóo Hahoodzo,Ėlėnojos,İllinois,İllinoys,Ιλινόι,Іллінойс,Илиноис,Илиной,Илинойс,Иллиной,Иллинойс,Штат Ілінойс,Իլինոյս,אילינוי,إلينوي,ئیلینۆی,الینوائے,الینوۓ,ايلينوى,ایلینویز,ایلی‌نوی,ܐܠܝܢܘܝ,इलिनॉय,इलिनोइ,ইলিনয়,ইলিনয়স,ਇਲੀਨਾਏ,இலினொய்,ఇల్లినాయిస్,ഇല്ലിനോയി,รัฐอิลลินอยส์,အီလီနွိုင်းပြည်နယ်,ილინოისი,ኢሊኖይ,ᐄᓚᓄᐃᔅ,‘Ilinoe,イリノイ州,伊利諾州,伊利诺伊州,일리노이 주	40.00032	-89.25037	A	ADM1	US		IL				12772888	191	190	America/Chicago	2014-05-26
4921868	Indiana	Indiana	'Inikiana,Endiana,Estado de Indiana,Hoosier State,IN,Indian-a,Indiana,Indiana muzh,Indiana suyu,Indianae,Indianao,Indiane,Indiann-a,Indijana,Indiyana,Indiyanna Shitati,Indiāna,Indiǣna,Intiana,Ndiana,Ndiánà,Shtat Indyjana,State of Indiana,Yin-thi-on-nap,Yin-thi-ôn-na̍p,andyana,ayndyana,idi'ana,indiaena ju,indiana,indiana zhou,indiyana,intiyana,intyana,yin di an na zhou,yyndyana,Índíʼyéenah Hahoodzo,Ėndiana,İndiana,Ιντιάνα,Індіана,Индианæ,Индиана,Индиана муж,Индиане,Индијана,Индән,Штат Індыяна,Ինդիանա,אינדיאנה,אינדיאנע,إنديانا,ئیندیانا,انديانا,انڈیانا,ایندیانا,ܐܢܕܝܐܢܐ,इंडियाना,ইন্ডিয়ানা,ਇੰਡੀਆਨਾ,ઇન્ડિયાના,இந்தியானா,ఇండియానా,ಇಂಡಿಯಾನಾ,ഇന്ത്യാന,รัฐอินดีแอนา,ཨིན་ཌི་ཡཱ་ན།,အင်ဒီယားနားပြည်နယ်,ინდიანა,ኢንዲያና,ᐃᓐᑎᐋᓈ,‘Inikiana,インディアナ州,印第安納州,印第安纳州,인디애나 주	40.00032	-86.25027	A	ADM1	US		IN				6265933	272	276	America/Indiana/Indianapolis	2011-08-25
4971068	Maine	Maine	Cenomannica,ME,Maine,Maine suyu,Majno,Mayn,Meane Shitati,Mehn,Meiin Hahoodzo,Mein,Meinas,Meins,Mejin,Mejn,Men,Mena,Mene,Meyn,Mien-yin,Mien-yîn,Mèn,Méané Shitati,Méíin Hahoodzo,Mêne,Mën,Pine Tree State,Shtat Mehn,State of Maine,ayalt myn,me'ina,mein ju,mein zhou,mena,menis shtʼatʼi,meyn,mian yin,mian yin zhou,myn,myyn,rath men,wlayt myn,Μέιν,Мейин,Мейн,Мен,Мејн,Мэн,Штат Мэн,Մեն,מיין,מעין,ایالت مین,مين,مینے,مےن,مەین,ولاية مين,ܡܝܢ,मेइन,मेन,মেইন,ਮੇਨ,மேய்ன்,മെയ്ൻ,รัฐเมน,မိန်းပြည်နယ်,მენის შტატი,መይን,メイン州,緬因州,缅因,缅因州,메인 주	45.50032	-69.24977	A	ADM1	US		ME				1325518	362	366	America/New_York	2014-02-18
5001836	Michigan	Michigan	MI,Mecegans,Met-hiet-kin,Me̍t-hiet-kîn,Michigan,Michigan Shitati,Michigan suyu,Michigania,Michigen,Michigàn,Michiign,Mich·igan,Micigana,Miciganas,Micigano,Miciqan,Mikikana,Mishigin Hahoodzo,Misigan,Misinkan,Miçiqan,Miĉigano,Mičigana,Mičiganas,Míchigan,Míshigin Hahoodzo,Mėčėgans,Shtat Michygan,State of Michigan,Wolverine State,mi xie gen zhou,mi zhi gen zhou,miccikan,michiganis shtʼatʼi,mishigan zhou,misigan,misigan ju,misigana,mshy gn,mshygn,myshygan,myshyghan,myshyjan,mysygn,Μίσιγκαν,Мичиган,Мичиген,Мичиигн,Мічиган,Штат Мічыган,Միչիգան,מישיגן,مشی گن,مشیگن,ميشيجان,ميشيغان,میشیگان,ܡܫܝܓܢ,मिशिगन,মিশিগান,ਮਿਸ਼ੀਗਨ,மிச்சிகன்,మిషిగన్,മിഷിഗൺ,รัฐมิชิแกน,མི་ཅི་གྷན།,မီချီဂန်ပြည်နယ်,მიჩიგანის შტატი,ሚሺጋን,ミシガン州,密歇根州,密芝根州,미시간 주	44.25029	-85.50033	A	ADM1	US		MI				9883360	394	394	America/Detroit	2013-03-12
5037779	Minnesota	Minnesota	Estado de Minnesota,MN,Menesouta,Min-ni-su-that,Minekoka,Minesota,Minesoto,Minisoodah Hahoodzo,Minnesota,Minnesota Shitati,Minnesota suyu,Minnesotae,Minnesòta,Minnésota Shitati,Minésótạ,Mìn-nì-sû-tha̍t,Mínisóodah Hahoodzo,Mėnesouta,North Star State,Shtat Minesota,State of Minnesota,minacotta,minaseatta,minesota,minesota ju,minesota zhou,ming ni su da zhou,minnasota,mynswth,mynyswta,mynysۆta,rath minnisota,Μινεσότα,Минесота,Минисөт,Миннесотæ,Миннесота,Міннесота,Штат Мінесота,Մինեսոտա,מינסוטה,מינעסאטע,منسسوٹا,مينيسوتا,مینه‌سوتا,مینیسوٹا,مینیسۆتا,ܡܢܝܣܘܬܐ,मिनेसोटा,মিনেসোটা,ਮਿਨੇਸੋਟਾ,மினசோட்டா,మిన్నసోటా,മിനസോട്ട,รัฐมินนิโซตา,မင်နီဆိုးတားပြည်နယ်,მინესოტა,ሚንሶታ,ᒦᓃᓲᑖ,ミネソタ州,明尼蘇達州,미네소타 주	46.25024	-94.25055	A	ADM1	US		MN				5141953	367	371	America/Chicago	2011-08-25
5073708	Nebraska	Nebraska	Cornhusker State,Estado de Nebraska,NE,Nabeeskah Hahoodzo,Nebraask,Nebrasca,Nebraska,Nebraska Shitati,Nebraska suyu,Nebraskae,Nebrasko,Nempraska,Nepalaka,Nui-pu-la-su-ka,Nui-pu-lâ-sṳ̂-kâ,Nébraska Shitati,Shtat Nebraska,State of Nebraska,nabarasaka,nbraska,nbrsqh,nebeulaeseuka ju,nebraska,neburasuka zhou,nei bu la si jia zhou,nepraska,nybraska,Νεμπράσκα,Небрааск,Небраскæ,Небраска,Штат Небраска,Նեբրասկա,נברסקה,נעבראסקא,نبراسكا,نبراسکا,نیبراسکا,ܢܝܒܪܐܣܟܐ,नेब्रास्का,नेब्रास्‍का,নেব্রাস্কা,ਨਬਰਾਸਕਾ,નેબ્રાસ્કા,நெப்ராஸ்கா,నెబ్రాస్కా,ನೆಬ್ರಸ್ಕಾ,നെബ്രാസ്ക,รัฐเนแบรสกา,နီဘရားစကားပြည်နယ်,ნებრასკა,ነብራስካ,ネブラスカ州,內布拉斯加州,네브래스카 주	41.50028	-99.75067	A	ADM1	US		NE				1757399	817	818	America/Chicago	2014-05-26
5090174	New Hampshire	New Hampshire	Bagong Hampshire,Cene Gehmpshir,Granite State,Hampshire Berri,Hampshire Nowydh,Hampshire Nuadh,Hampshire Ohuru,Hampshire Ohúrú,N'ju-Gehmpshir,N'ju-Gempshir,N'ju-Khehmpshir,NH,Naujasis Hampsyras,Naujasis Hampšyras,Naus Hampsirs,Naus Hampšīrs,Neu Han-pu-ha,New Hampshire,New Hampshire suyu,Niihempshoo Hahoodzo,Niihémpshoo Hahoodzo,Nij-Hampshire,Niou Chamsair,Niu Hampshire,Niwu Hamtunscir,Nju Khampshur,Nju Khempshir,Noeuvo Hampshire,Nou Anpchi,Nou Hampshire,Nov-Hampshire,Nov-Hampsiro,Nov-Hampŝiro,Nova Hampshire,Nova Hantonia,Nova-Hampshire,Nu Hamekia,Nueva Hampshire,Nuevo Hampshire,Nuhempsira,Nyu Hempsir,Nyu-Hempsir,Nyu-Hempşir,Nyu-Xempshir,Néu Hàn-pu-ha,Nòu Hampshire,Nīwu Hāmtūnscīr,Nū Hamekia,Pyahu Hampshire,Shtat N'ju-Gehmpshyr,State of New Hampshire,Tchiaq Hampshire,Yancuic Hampshire,Yancuīc Hampshire,Yengi Xampishir Shitati,Yéngi Xampishir Shitati,n'yu hempasayara,naya hempasayara,ni'u haimpasara,ni'u hyampasayara,niu xian xi zhou,niu-hempshiri,niyu hamcayar,nyuhaempeusyeo ju,nyuhanpusha zhou,nyw hmpsyyr,nywhamshyr,nywhmpshayr,nywhmshayr,nywھەmpshyr,xin han bu shen er,xin han bu shen er zhou,Çĕнĕ Гэмпшир,Ņūhempšīra,Νιου Χάμσαϊρ,Њу Хемпшир,Нью-Гемпшир,Нью-Гэмпшир,Нью-Хэмпшир,Ню Хампшър,Шин Хәмшир,Штат Нью-Гэмпшыр,Նյու Հեմպշիր,ניו המפשייר,ניו העמפשער,نيوهامشير,نیو ہیمپشائر,نیوهمشایر,نیوهمپشایر,نیوھەمپشیر,ܢܝܘ ܗܐܡܦܫܪ,नया हेम्पशायर,न्यू हॅम्पशायर,न्‍यू हेम्‍पशायर,নিউ হ্যাম্পশায়ার,নিউ হ্যাম্প্‌শায়ার,ਨਿਊ ਹੈਂਪਸ਼ਰ,ન્યૂ હેમ્પશાયર,நியூ ஹாம்சயர்,ന്യൂ ഹാംഷെയർ,รัฐนิวแฮมป์เชียร์,ནེའུ་ཧམ་ཕུ་ཤར།,နယူးဟမ်ရှိုင်းယားပြည်နယ်,ნიუ-ჰემფშირი,ኒው ሃምፕሸር,ニューハンプシャー州,新罕布什尔,新罕布什尔州,紐咸西州,뉴햄프셔 주	43.66702	-71.4998	A	ADM1	US		NH				1316216	164	169	America/New_York	2011-08-25
5101760	New Jersey	New Jersey	Cene Dzhersi,Garden State,Jersey Nuadh,Jersi Nowydh,N'ju-Dzhersi,NJ,Naujasis Dzersis,Naujasis Džersis,Naus Dzerses,Naus Džersės,Nei-Schaersi,Neu Tset-si,New Jersey,New Jersey osariik,New Jersey suyu,Niijeizii Hahoodzo,Niijéízii Hahoodzo,Nij-Jersey,Niou Tzersei,Niu Yersey,Niwe Cesarea,Nju DZersi,Nju DZerzi,Nju Dzhursi,Noeuvo Jersey,Nou Jeze,Nou Jèze,Nov-Jersey,Nov-Jerzejo,Nov-Ĵerzejo,Nova Caesarea,Nova Jersey,Nova Jersia,Nova Jérsia,Nova-Jersey,Nu 'Ieleke,Nu Jezi,Nudzersija,Nueva Jersey,Nyu Jersi,Nyu-Cersi,Nyu-Jersi,Néu Tset-sî,Nòva Jersey,Nú Jezị,Nīwe Cēsarēa,Nū ‘Ieleke,Pyahu Jersey,Shtat N'ju-Dzhehrsi,State of New Jersey,Tchiaq Jersey,Yancuic Jersey,Yancuīc Jersey,Yengi Jersey Shtati,Yéngi Jérséy Shtati,n'yu jarsi,n'yu jelsi,n'yujersi,ni'u jarasi,ni'u jarsi,niu ze xi zhou,niu-jersi,niyu cerci,nyujaji zhou,nyujeoji ju,nyw grzy,nyw gyrsy,nyw jrsy,nyw jyrsy,nywjrsy,rath niwcexrsi y,xin ze xi zhou,Çĕнĕ Джерси,Ņūdžersija,Νιου Τζέρσεϊ,Њу Џерзи,Њу Џерси,Нью-Джерси,Нью-Джерсі,Ню Джърси,Ню-Ҷерси,Шин Җөөзи,Штат Нью-Джэрсі,Նյու Ջերսի,ניו גרזי,ניו זשערסי,نيو جيرسى,نيو جيرسي,نیو جرسی,نیوجرسی,نیوجێرسی,ܢܝܘ ܓܝܪܣܝ,न्यू जर्सी,न्‍यू जर्सी,নিউ জার্সি,ਨਿਊ ਜਰਸੀ,நியூ செர்சி,న్యూజెర్సీ,ന്യൂ ജെഴ്സി,รัฐนิวเจอร์ซีย์,ནེའུ་ཇེར་སས།,နယူးဂျာစီပြည်နယ်,ნიუ-ჯერსი,ኒው ጄርዚ,ニュージャージー州,新泽西州,紐澤西州,뉴저지 주	40.16706	-74.49987	A	ADM1	US		NJ				8751436	42	41	America/New_York	2011-08-25
5128638	New York	New York	Cene Jork,Delstaten New York,Eabhraig Nuadh,Efrog Newydd,Empire State,Estado de Nova York,Estado de Nueva York,Estat de Nova York,Etat de New York,Ipinle New York,Kin Yótʼááh Deezʼá Hahoodzo,Mueva York,N'ju-Jork,N'ju-Jork Muzh Uls,NY,Nea Yorki,Neu-yok-chu,New Yorgi osariik,New York,New York Isifunda,New York State,New York suyu,New York-fylki,Niojuorks,Niorche,Niu York,Niujorko valstija,Niwe Eoforwic,Nju Jork,Nju Yoorg,Njujork,Nou Yok,Nou Yòk,Nov-Jorkio,Nova Iorque,Nova York,Nova-York,Novum Eboracum,Nowy Jork,Nu Yok,Nua-Eabhrac,Nueva York,Nuioka,Nujorka,Nyu York,Nyuyork Shitati,Néu-yok-chû,Nòva York,Nú Yọk,Nīwe Eoforwīc,Pyahu Iork,Shin Jork,Shtat N'ju-Jork,Stat Evrek Nowydh,State of New York,Stato di New York,Tchiaq York,Tieu bang New York,Tiểu bang New York,Yancuic York,Yancuīc York,York Noa,ayalt nywywrk,http://uk.wikipedia.org/wiki/%D0%9D%D1%8C%D1%8E-%D0%99%D0%BE%D1%80%D0%BA_(%D1%88%D1%82%D0%B0%D1%82),n'yu yark,n'yu yorka,n'yuyark rastram,n'yuyorka,ni'u iyarka,ni'u yaraka,ni'u yarka,niu,niu yue zhou,niu-iorkʼis shtʼatʼi,niyu york manilam,nyuyog ju,nyuyoku zhou,nyw yark,nyw ywrq,nywyark,nywywrk,rath niwyxrk,wlayt nywywrk,Çĕнĕ Йорк,État de New York,Ìpínlẹ̀ New York,Ņujorka,Νέα Υόρκη,Њујорк,Нью-Йорк,Нью-Йорк Муж Улс,Ню Йорк,Шин Йорк,Штат Нью-Ёрк,Նյու Յորք,ניו יארק,ניו יורק,ایالت نیویورک,نيويورك,نیو یارک,نیویارک,نیویۆرک,ولاية نيويورك,ܢܝܘ ܝܘܪܩ,न्यू यार्क्,न्यू यॉर्क,न्यूयॉर्क,নিউ ইয়র্ক,ਨਿਊ ਯਾਰਕ,ନିଉ ୟର୍କ,நியூ யோர்க் மாநிலம்,న్యూయార్క్ రాష్ట్రం,ನ್ಯೂ ಯಾರ್ಕ್,ന്യൂയോർക്ക്,รัฐนิวยอร์ก,ລັດນີວຢອກ,နယူးယောက်ပြည်နယ်,ნიუ-იორკის შტატი,ኒው ዮርክ,ᏄᏯᎩ,ᓂᐅ ᐃᐅᕐᒃ,ញូវយ៉ក,ニューヨーク州,紐約州,纽约州,뉴욕 주	43.00035	-75.4999	A	ADM1	US		NY				19274244	281	278	America/New_York	2013-07-26
5165418	Ohio	Ohio	'Ohaio,Buckeye State,Ngo-hai-ngo,Ngò-hài-ngò,OH,Ochaio,Ogajo,Ogayo,Ohaio,Ohaiyo,Ohajas,Ohajos,Ohayo,Ohaïyo,Ohio,Ohio suyu,Ohium,Okhajo,Oohaayoo Hahoodzo,Oohááyoo Hahoodzo,Owayo,Oxayo Shtati,Shtat Agaja,State of Ohio,awhayw,e hai e zhou,oha'i'o,ohaio,ohaio ju,ohaio zhou,ohayea,ohayo,okaiyo,rath xohixo,yۆھayۆ,Οχάιο,Огайо,Охайо,Охајо,Оҳаё,Штат Агая,Өхәй,Օհայո,אהאיא,אוהיו,أوهايو,ئۆھایۆ,اوهايو,اوهایو,اوہائیو,ܐܘܗܐܝܘ,ओहायो,ওহাইও,ਓਹਾਇਓ,ஒகையோ,ഒഹായോ,รัฐโอไฮโอ,ཨོ་ཧེའོ།,အိုဟိုင်းယိုးပြည်နယ်,ოჰაიო,ኦሃዮ,ᐅᓵᐃᐅ,‘Ohaio,オハイオ州,俄亥俄州,오하이오 주	40.25034	-83.00018	A	ADM1	US		OH				11467123	290	288	America/New_York	2011-08-25
5224323	Rhode Island	Rhode Island	Ala mmiri Rhode,Ellan Rhode,Erekusu Rhode,Erékùṣù Rhode,Estado de Rhode Island,Ilha de Rodes,Isoa de Rhode,Little Rhody,Lo-tet-to,Loke 'Ailana,Loke ‘Ailana,Lò-tet-tó,Oilean Rhode,Oileán Rhode,Pulu ning Rhode,RI,Rhode Ieg,Rhode Island,Rhode Island suyu,Rhode Īeg,Rhodensis Insula,Rod Ailandas,Rod Ailands,Rod Ajlend,Rod Ajlund,Rod Arl,Rod Aylann,Rod Aylend,Rod-Ajlend,Rod-Aylend,Rod-Insulo,Rodailenda,Rode Arili Shitati,Rode Qikiqtaq,Rodé Arili Shitati,Roount Ailant,Roud Ajland,Shtat Rod-Ajlend,State of Rhode Island and Providence Plantations,Wood Aalin Hahoodzo,Wóód Áalin Hahoodzo,Ynys Rhode,lodeuaillaendeu ju,luo de dao,luo de dao zhou,rod ailend,rod-ailendi,roda a'ilainda,roda a'ilyanda,roda tapu,rodoairando zhou,rot tivu,rwd ayland,rwd aylnd,rwdaylnd,Àlá mmírí Rhode,Ρόουντ Άιλαντ,Род Айленд,Род Айлънд,Род Арл,Род Ајленд,Род-Айленд,Роуд Ајланд,Рөүд-Айленд,Штат Род-Айленд,Ռոդ Այլենդ,ראוד איילענד,רוד איילנד,رود آيلاند,رود آیلند,رود ايلاند,رودآیلند,رہوڈ آئی لینڈ,رہوڈز آئلینڈ,ڕۆd yaylەnd,ڕۆد ئایلەند,ܪܘܕ ܐܝܠܐܢܕ,रोड आइलैंड,र्‍होड आयलंड,রোড আইল্যান্ড,ਰੋਡ ਟਾਪੂ,றோட் தீவு,ರೋಡ್ ಐಲೆಂಡ್,റോഡ് ഐലൻഡ്,รัฐโรดไอแลนด์,ရုဒ်အိုင်းလန်းပြည်နယ်,როდ-აილენდი,ሮድ አይላንድ,ロードアイランド州,罗德岛,羅德島州,로드아일랜드 주	41.75038	-71.49978	A	ADM1	US		RI				1050292	69	49	America/New_York	2014-05-26
5242283	Vermont	Vermont	Bimááʼ Hahoodzo,Fermont,Fu-mung-thit,Fu-mùng-thi̍t,Green Mountain State,Mons Viridis,Shtat Vermont,State of Vermont,VT,Veermont,Vemont,Vermont,Vermont suyu,Vermonta,Vermontas,Vermonte,Vermonto,Vermuonts,Vurmont,Vèmont,Vèrmont,Vērmonta,Welemoneka,Wermont Shitati,Wérmont Shitati,bamonto zhou,beomonteu ju,bharmanta,byrmwnt,fu meng te,fu meng te zhou,fyrmwnt,rath wexrmxnt,varamanta,varmanta,varmonta,vermant,vharamamta,vێrmۆnt,wrmwnt,Βερμόντ,Веермонт,Вермонт,Върмонт,Штат Вермонт,Վերմոնտ,ווערמאנט,ורמונט,فيرمونت,ورمونت,ورمونٹ,ڤێرمۆنت,ܒܝܪܡܘܢܬ,वर्मांट,व्हरमाँट,ভার্মন্ট,ਵਰਮਾਂਟ,વર્મોન્ટ,வெர்மான்ட்,వెర్మాంట్,വെർമോണ്ട്,รัฐเวอร์มอนต์,ဗားမောင့်ပြည်နယ်,ვერმონტი,ቬርሞንት,バーモント州,佛蒙特,佛蒙特州,버몬트 주	44.00034	-72.74983	A	ADM1	US		VT				624501	271	270	America/New_York	2014-05-26
5279468	Wisconsin	Wisconsin	Badger State,Estado de Wisconsin,Hoiskaonsiny,Ouiskonsin,Shtat Viskonsin,State of Wisconsin,Uiskonsin,Uisqonsin,Vi-su-khong-sin,Visconsinia,Viskaansin,Viskonsens,Viskonsin,Viskonsina,Viskonsinas,Viskonsino,Viskonsėns,Vî-sṳ̂-không-sîn,WI,Wikonekina,Wisconsene,Wisconsin,Wisconsin suyu,Wiskaansin Hahoodzo,Wiskonnsenn,Wiskonsin,Wiskonsin Shitati,rath wiskhxnsin,u'icakanacina,u'isakanasina,u~isukonshin zhou,visakansana,viskansin,viskoncin,viskonsina,wei si kang xin zhou,wiseukonsin ju,wskwnsn,wyskansyn,wyskwnsn,wyskwnsyn,wysqwnsyn,Ουισκόνσιν,Вискаансин,Висконсин,Вісконсин,Уисконсин,Штат Вісконсін,Վիսկոնսին,וויסקאנסין,ויסקונסין,وسکونسن,ويسكونسن,ويسكونسين,ویسکانسین,ویسکۆنسین,ܘܝܣܟܘܢܣܢ,विस्कॉन्सिन,উইচকনচিন,উইসকনসিন,ਵਿਸਕਾਂਸਨ,விஸ்கொன்சின்,విస్కాన్సిన్,ವಿಸ್ಕೊನ್‌ಸಿನ್,വിസ്കോൺസിൻ,รัฐวิสคอนซิน,ཝིས་སི་ཁོན་སིན།,ဝစ္စကွန်းဆင်းပြည်နယ်,უისკონსინი,ዊስኮንሲን,ウィスコンシン州,威斯康辛州,위스콘신 주	44.50024	-90.00041	A	ADM1	US		WI				5535168	340	344	America/Chicago	2011-08-25
5332921	California	California	Akeehashiih Hahoodzo,Akééháshį́į́h Hahoodzo,Alta California,CA,Calafornia,Calafòrnia,Calif,Califfornia,Californeye,California,California Republic,California suyu,Californie,Californien,Californië,Califòrnia,Califórnia,Całifornia,Estado de California,Golden State,Ka-li-fuk-ni-a,Kalefuorneje,Kaleponi,Kalifonaen,Kalifoni,Kalifonän,Kaliforni,Kalifornia,Kalifornie,Kalifornien,Kalifornij,Kalifornija,Kalifornijo,Kalifornio,Kaliforniska,Kaliforniya,Kaliforniye Shitati,Kalifornië,Kalifornje,Kalifornía,Kaliforńijo,Kalifòni,Kalifọ́rníà,Kalėfuornėjė,Karaponia,Karapōnia,Kâ-li-fuk-nì-â,Shtat Kalifornija,State of California,jia li fu ni ya,jia li fu ni ya zhou,kaelliponia ju,kailiforani'a,kailiforniya,kalifornias,kaliforniya,kaliphorniya,kaliporniya,kalyfrnya,kalyfwrnya,kariforunia zhou,keliphorniya,kyaliphorniya,kyly fwrnya,kylyfwrnya,qlypwrnyh,Καλιφόρνια,Калифорни,Калифорний,Калифорния,Калифорнија,Каліфорнія,Штат Каліфорнія,Կալիֆորնիա,קאליפארניע,קליפורניה,كاليفورنيا,کالیفرنیا,کالیفۆرنیا,کالېفورنیا,کیلی فورنیا,کیلیفورنیا,कालिफ़ोर्निया,कॅलिफोर्निया,कैलिफ़ोर्निया,क्यालिफोर्निया,ক্যালিফোর্নিয়া,ਕੈਲੀਫ਼ੋਰਨੀਆ,கலிபோர்னியா,కాలిఫోర్నియా,ಕ್ಯಾಲಿಫೊರ್ನಿಯ,കാലിഫോർണിയ,รัฐแคลิฟอร์เนีย,ཁྰ་ལེ་ཧྥོར་ནི་ཡ།,ကယ်လီဖိုးနီးယားပြည်နယ်,კალიფორნია,ካሊፎርኒያ,ᑳᓖᐴᕐᓃᐊ,カリフォルニア州,加利福尼亚,加利福尼亚州,加利福尼亞州,캘리포니아 주	37.25022	-119.75126	A	ADM1	US		CA				37691912	469	461	America/Los_Angeles	2014-04-06
5417618	Colorado	Colorado	CO,Centennial State,Colorado,Colorado suyu,Coloradu,Coloratum,Cołorado,Dibe Nitsaa Hahoodzo,Dibé Nitsaa Hahoodzo,Estado de Colorado,Kho-lo-la-to,Khô-lò-là-tô,Kolarad,Kololako,Koloradas,Koloradio,Kolorado,Kolorado Shitati,Kolorads,Koloranto,Kolorādo,Shtat Kalarada,State of Colorado,ge luo la du zhou,kalorado,ke luo la duo zhou,kealaradea,klradw,kolarado,kolarato,kollolado ju,kolorado,kolorados,kororado zhou,kwlwradw,kʼolorados shtʼatʼi,qwlwrdw,rath kholorado,Κολοράντο,Коларад,Колорадо,Штат Каларада,Կոլորադո,קאלאראדא,קולורדו,كولورادو,کلرادو,کلراډو,کولوراڈو,کۆلۆرادۆ,ܟܘܠܘܪܐܕܘ,कॉलराडो,कॉलोराडो,कोलोराडो,कोलोरादो,কলোরাডো,ਕੋਲੋਰਾਡੋ,கொலராடோ,కొలరాడో,കൊളറാഡോ,รัฐโคโลราโด,ཁོ་ལོ་ར་ཌོ།,ကော်လိုရာဒိုပြည်နယ်,კოლორადოს შტატი,ኮሎራዶ,ᑰᓘᕌᑑ,コロラド州,哥羅拉度州,科羅拉多州,콜로라도 주	39.00027	-105.50083	A	ADM1	US		CO				4678630	3049	3076	America/Denver	2011-08-25
5481136	New Mexico	New Mexico	Bagong Mehiko,Cene Meksika,Ipinle Titun Meksiko,Land of Enchantment,Meagsago Nuadh,Meksiko Nowydh,Mexiko Berria,Musuq Mishiku suyu,N'ju Meksiko,N'ju-Mekhiko,N'ju-Meksiko,N'yu-Meksiko,NM,Naujoji Meksika,Nee-Mexiko,Neo Mexiko,Neu Met-si-ko,Neuv Messich,Neuv Méssich,New Mexico,New Mixiku suyu,New Mïxiku suyu,Nieu-Meksiko,Nij Meksiko,Niu Mexico,Niwe Mexico,Nju Meksiko,Noeuvo Mescico,Noev Messich,Nou Meksiko,Nou Mexic,Nou Mèxic,Nouveau-Mexique,Nov-Meksiko,Nova Mehika,Nova-Mexikia,Nove Mexiko,Novel-Mexique,Novi Meksiko,Novo Meksiko,Novo Mexico,Novo México,Novum Mexicum,Nové Mexiko,Novél-Mexique,Nowy Meksyk,Nu Mekiko,Nu Meziko,Nua-Mheicsiceo,Nueva Mehiko,Nuevo Mejico,Nuevo Mexico,Nuevo Méjico,Nuevo México,Nuevu Mexicu,Nuevu Méxicu,Numeksika,Nuovo Messico,Nyu-Meksiko,Néu Me̍t-sî-kô,Nòu Mexic,Növ Messich,Nú Mézíkọ,Nīwe Mexico,Nū Mekiko,Pyahu Mejiko,Pyahu Méjiko,Shin Meeksik,Shtat N'ju-Meksika,State of New Mexico,Tchiaq Mexiqo,Uj-Mexiko,Yancuic Mexihco,Yancuīc Mēxihco,Yengi Meksika Shitati,Yooto Hahoodzo,Yootó Hahoodzo,Yéngi Méksika Shitati,n'yu meksikkea,n'yu meksiko,naya meksiko,ni'u meksiko,niyu mekciko,nyumegsiko ju,nyumekishiko zhou,nyw mksykw,nyw mqsyqw,nyw myksykw,nywmksykw,nywmkzykw,rath niwmeksiko,xin mo xi ge zhou,Çĕнĕ Мексика,Ìpínlẹ̀ Titun Mẹ́ksíkò,Új-Mexikó,Ņūmeksika,Νέο Μεξικό,Нови Мексико,Ново Мексико,Нью Мексико,Нью-Мексико,Нью-Мехико,Ню Мексико,Шин Меексик,Штат Нью-Мексіка,Նյու Մեքսիկո,ניו מעקסיקא,ניו מקסיקו,نيو مكسيكو,نيومكسيكو,نیو میکسیکو,نیومکزیکو,نیومەکسیکۆ,ܢܝܘ ܡܝܟܣܝܟܘ,नया मेक्सिको,न्यू मेक्सिको,নিউ মেক্সিকো,நியூ மெக்சிகோ,న్యూ మెక్సికో,ന്യൂ മെക്സിക്കോ,รัฐนิวเม็กซิโก,མེག་སི་ཀོ་གསར་མ།,နယူးမက္ကဆီကိုပြည်နယ်,ნიუ-მექსიკო,ᏍᏆᏂᏤᏍᏛᎢ,ニューメキシコ州,新墨西哥州,뉴멕시코 주	34.50034	-106.00085	A	ADM1	US		NM				1912684	1889	1888	America/Denver	2012-06-02
5509151	Nevada	Nevada	Estado de Nevada,NV,Naevada,Naʼazhǫǫsh Hahoodzo,Nebada,Nevad,Nevada,Nevada suyu,Nevadae,Nevadda,Nevado,Newada,Newada shitati,Nivata,Nui-fa-that,Nui-fà-tha̍t,Náevadạ,Néwada shitati,Shtat Nevada,Silver State,State of Nevada,navada,nbdh,nebada ju,nebada zhou,nebhada,nei hua da zhou,nevada,nevata,nevhada,nwada,nyfada,nyvada,rath newada,Νεβάδα,Невад,Невадæ,Невада,Штат Невада,Նևադա,נבדה,נעוואדא,نوادا,نيفادا,نیواڈا,نیڤادا,ܢܝܒܐܕܐ,नेवाडा,नेव्हाडा,নেভাডা,ਨਵਾਡਾ,நெவாடா,ನೆವಾಡಾ,നെവാഡ,รัฐเนวาดา,ནེ་བ་ད།,နီဗားဒါးပြည်နယ်,ნევადა,ነቫዳ,ᓂᕚᑖ,ネバダ州,內華達州,内华达州,네바다 주	39.25021	-116.75119	A	ADM1	US		NV				2399532	2260	2258	America/Los_Angeles	2011-08-25
5549030	Utah	Utah	Beehive State,Estado de Utah,Giouta,Juta,Jutae,Juto,Juuta,Jūta,Shtat Juta,State of Utah,UT,Uka,Uta,Utah,Utah suyu,Utaho,Utá,Youta,Yu-tha,Yuta,Yuta Shitati,Yutah,Yù-thâ,Yútạh,i'uta,rath yu thah,you ta zhou,yurra,yuta,yuta ju,yuta zhou,yutaha,yutta,ywta,ywth,ywwta,Áshįįh Biiʼtó Hahoodzo,Γιούτα,Јута,Йуута,Штат Юта,Ютæ,Юта,Юто,Յուտա,יוטא,יוטה,يوتا,یوتا,یووتا,یوٹاہ,ܝܘܬܐ,युटा,यूटाह,ইউটা,ਯੂਟਾ,யூட்டா,ಯೂಟ,യൂറ്റാ,รัฐยูทาห์,ཡུ་ཊ།,ယူးတားပြည်နယ်,იუტა,ዩታህ,ユタ州,犹他州,猶他州,유타 주	39.25024	-111.75103	A	ADM1	US		UT				2427340	1808	1817	America/Denver	2014-05-26
5551752	Arizona	Arizona	'Alikona,A-li-song-na,AZ,Arison-a,Arisona,Arizon,Arizona,Arizona Shitati,Arizona suyu,Arizonae,Arizono,Arizuna,Arizòna,Arizůna,Grand Canyon State,Hoozdo Hahoodzo,Shtat Aryzona,State of Arizona,aelijona ju,airizona,aricona,arijona,ariseana,arizona,arizona zhou,aryzwna,ayryzwna,erijona,ya li sang na zhou,Â-li-sông-ná,Αριζόνα,Аризон,Аризонæ,Аризона,Аризоно,Штат Арызона,Արիզոնա,אריזאנע,אריזונה,آریزونا,أريزونا,ئەریزۆنا,اريزونا,ایریزونا,ܐܪܝܙܘܢܐ,आरिज़ोना,एरिजोना,एरीजोना,ॲrijhona,ॲरिझोना,অ্যারিজোনা,ਐਰੀਜ਼ੋਨਾ,அரிசோனா,ఆరిజోనా,ಆರಿಜೋನ,അരിസോണ,รัฐแอริโซนา,ཨྰ་རི་ཟོ་ནྰ།,အရီဇိုးနားပြည်နယ်,არიზონა,አሪዞና,ᐋᕇᓲᓈ,‘Alikona,アリゾナ州,亞利桑拿州,亞利桑那州,애리조나 주	34.5003	-111.50098	A	ADM1	US		AZ				5863809	1927	1927	America/Phoenix	2011-08-25
5596512	Idaho	Idaho	'Ikaho,Aadihoo Hahoodzo,Aidahas,Aidaho,Aidahs,Aintacho,Ajdag'o,Ajdakh,Ajdakho,Aydaho,Aydawo,Aydaxo Shitati,Estado de Idaho,Gem State,ID,Idaho,Idaho suyu,Idahum,Oi-that-hot,Oi-tha̍t-hòt,Shtat Ajdakha,State of Idaho,a'id'aho,a'idaho,ai da he zhou,aidahea,aidaho,aidaho ju,aidaho zhou,aitaho,ayad'aho,aydahw,rath xidaho,yەydaھۆ,Áadihoo Hahoodzo,İdaho,Αϊντάχο,Айдагьо,Айдах,Айдахо,Ајдахо,Штат Айдаха,Այդահո,איידהו,איידעהא,آیداهو,أيداهو,ئەیداھۆ,ايداهو,اڈاہو,ایڈاہو,ܐܝܕܐܗܘ,आइदाहो,आयडाहो,আইডাহো,ਆਇਡਾਹੋ,ஐடஹோ,ಐಡಹೋ,ഐഡഹോ,รัฐไอดาโฮ,အိုင်ဒါဟိုပြည်နယ်,აიდაჰო,አይዳሆ,ᐄᑖᓲ,‘Ikahō,アイダホ州,愛達荷州,爱达荷州,아이다호 주	44.5002	-114.25118	A	ADM1	US		ID				1416564	1681	1680	America/Boise	2011-08-25
5667009	Montana	Montana	Hohonaesee,Hohonáéšée,MT,Maanteenah Hahoodzo,Mantan,Monekana,Montan-a,Montana,Montana Shitati,Montana suyu,Montanae,Montann-a,Montano,Montāna,Montǣna,Mung-thai-na,Muntana,Máánteenah Hahoodzo,Mùng-thai-nâ,Můntana,Shtat Mantana,State of Montana,Treasure State,ayalt mwntana,mantana,meantana,meng da na zhou,montaena ju,montana,montana zhou,mwntana,mwntnh,wang dan na sheng,Μοντάνα,Мантан,Монтанæ,Монтана,Штат Мантана,Մոնտանա,מאנטענע,מונטנה,ایالت مونتانا,مان‍ٹانا,مونتانا,مونٹانا,مۆنتانا,ܡܘܢܬܐܢܐ,मान्‍टाना,मोंटाना,मोन्टाना,मोन्ताना,মন্টানা,ਮੋਂਟਾਨਾ,மொன்டானா,మొంటానా,മൊണ്ടാന,รัฐมอนแทนา,མོན་ཏཱ་ན།,မွန်တားနားပြည်နယ်,მონტანა,ሞንታና,モンタナ州,望丹拿省,蒙大拿州,몬태나 주	47.00025	-109.75102	A	ADM1	US		MT				930698	1202	1200	America/Denver	2011-08-25
5690763	North Dakota	North Dakota	Ar Dakot,Ariwa Dakota,Bac Dakota,Bắc Dakota,Caegat Dakotae,Curcer Dakota,Dacota Septentrionalis,Dacota do Norte,Dakota Avaratra,Dakota Gledh,Dakota Hwoaie,Dakota Mictlampa,Dakota Mictlāmpa,Dakota Polnocna,Dakota Północna,Dakota Thuaidh,Dakota Utara,Dakota a Tuath,Dakota de Nord,Dakota del Nord,Dakota del Norte,Dakota del Nòrd,Dakota dino,Dakota dinò,Dakota do Nord,Dakota do Norte,Dakota do Nòrd,Dakota du Nord,Dakota dël Nòrd,Dakota dû Nord,Dakotaya Bakur,Dakotaya Zimey,Dakotaya Zımey,Dakôta Avaratra,Davvi-Dakota,Eszak-Dakota,Gogledd Dakota,Hilagang Dakota,Hyusisayin Dakota,Ipar Dakota,Judvel Dakoto,Jydvel Dakota,Kakoka 'Akau,Kakoka ‘Ākau,Khojd Dakota,Kuilbsedera Dakota,Kuzey Dakota,ND,Nahookosji Dikoodah Hahoodzo,Noad-Dakota,Noard-Dakota,Noord-Dakota,Nord Dakota,Nord-Dakota,Norda Dakoto,Norda-Dakota,Nordur-Dakota,North Dakota,North Dakota suyu,Norður-Dakóta,Norþ Dakota,Not Dakota,Náhookǫsjí Díkóodah Hahoodzo,Pangulung Dakota,Pet That-kho-tha,Pet Tha̍t-khô-thâ,Pivnichna Dakota,Pohja-Dakota,Pohjois-Dakota,Poyraz Dakota,Põhja-Dakota,Severna Dakota,Severnaja Dakota,Severni Dakota,Severná Dakota,Severní Dakota,Shimaliy Dakota Shitati,Shimoliy Dakota,Shtat Paunochnaja Dakota,Siaures Dakota,Simali Dakota,Sioux State,Sjeverna Dakota,State of North Dakota,Voreia Ntakota,Yvate Dakota,Ziemeldakota,Ziemeļdakota,bei da ke ta zhou,bei de gao da sheng,dakwta alshmalyh,dakwta alshmalyt,dakwtay shmaly,dqwth hzpwnyt,nartha dakota,nartha dekota,northa dakota,noseudakota ju,nosudakota zhou,rath nxr thda kho ta,shmaly dakwta,utari dakota,uttara dekota,vatakku takotta,Àríwá Dakota,Çурçĕр Дакота,Észak-Dakota,Şimali Dakota,Šiaurės Dakota,Βόρεια Ντακότα,Ар Дакот,Йыдвел Дакота,Йӱдвел Дакото,Къилбседера Дакота,Північна Дакота,Северна Дакота,Северная Дакота,Төньяк Дакота,Хойд Дакота,Цæгат Дакотæ,Штат Паўночная Дакота,Հյուսիսային Դակոտա,דקוטה הצפונית,צפון דעקאטע,داكوتا الشمالية,داكوتا الشماليه,داکوتای شمالی,داکۆتای باکوور,شمالی داکوتا,شمالی ڈکوٹا,نارتھ ڈیکوٹا,ܢܘܪܬ ܕܐܟܘܬܐ,उत्तर डेकोटा,नार्थ डेकोटा,नॉर्थ डकोटा,নর্থ ডাকোটা,ਉੱਤਰੀ ਡਕੋਟਾ,வடக்கு டகோட்டா,വടക്കൻ ഡക്കോട്ട,รัฐนอร์ทดาโคตา,မြောက်ဒါကိုတာပြည်နယ်,ჩრდილოეთი დაკოტა,ኖርዝ ዳኮታ,ᑖᑰᑖ ᑐᓄᕕᐊᖅ,ノースダコタ州,北得高打省,北达科他州,노스다코타 주	47.50027	-100.00068	A	ADM1	US		ND				630529	582	580	America/Chicago	2011-08-25
5744337	Oregon	Oregon	'Olekona,Beaver State,O-let-kong,O-le̍t-kông,OR,Oogin Hahoodzo,Oregon,Oregon Shitati,Oregon suyu,Oregona,Oregonas,Oregonia,Oregono,Oregons,Oregón,Orenkon,Oreqon,Oriigon,Orégon Shitati,Shtat Arehgon,State of Oregon,aregan,aregana,auregana,aurigana,awrgn,awryghwn,awrygwn,awryjwn,e lei gang,e lei gang zhou,ke li jin sheng,oligeon ju,oregana,oregon,oregon zhou,oregoni,orikan,rath xx ri kxn,yۆrygۆn,Óogin Hahoodzo,Όρεγκον,Орегон,Ориигон,Штат Арэгон,Օրեգոն,אורגון,ארעגאן,أوريغون,ئۆریگۆن,اوريجون,اورگن,اوریگون,ܐܘܪܝܓܘܢ,ओरेगन,औरिगन,অরেগন,ਔਰੇਗਨ,ஓரிகன்,ಆರೆಗನ್,ഒറിഗൺ,รัฐออริกอน,အိုရီဂွန်ပြည်နယ်,ორეგონი,ኦረጎን,ᐆᕇᕇᓐ,‘Olekona,オレゴン州,俄勒冈,俄勒冈州,柯利近省,오리건 주	44.00013	-120.50139	A	ADM1	US		OR				3642919	1460	1458	America/Los_Angeles	2014-05-14
5769223	South Dakota	South Dakota	Coyote State,Cənubi Dakota,Dacota Meridionalis,Dacota do Sur,Dakota Atsimo,Dakota Dheghow,Dakota Huitztlampa,Dakota Huitztlāmpa,Dakota Poludniowa,Dakota Południowa,Dakota Selatan,Dakota Theas,Dakota Yiass,Dakota a Deas,Dakota de Sud,Dakota del Sud,Dakota del Sued,Dakota del Sur,Dakota del Süd,Dakota disid,Dakota do Sud,Dakota do Sul,Dakota du Sud,Dakota dël Sud,Dakota dû Sud,Dakotaya Basur,Dakotaya Başûr,Dakotaya Veroci,De Dakota,Del-Dakota,Dienviddakota,Dél-Dakota,Etelae-Dakota,Etelä-Dakota,Gueney Dakota,Guusu Dakota,Gúúsù Dakota,Güney Dakota,Haravayin Dakota,Hego Dakota,Janubiy Dakota,Jenubiy Dakota Shitati,Jizni Dakota,Jižní Dakota,Juzhna Dakota,Juzhnaja Dakota,Juzna Dakota,Južna Dakota,Južná Dakota,Kakoka Hema,Kantar Dakota,Kechyvalvel Dakota,Khussar Dakotae,Louna-Dakota,Lulli-Dakota,Lõuna-Dakota,Mauling Dakota,Nam Dakota,Nam That-kho-tha,Nemby Dakota,Notia Ntakota,Nàm Tha̍t-khô-thâ,Peitu Dakota,Pietu Dakota,Pietų Dakota,Pivdenna Dakota,Pėitu Dakota,SD,Saut Dakota,Sawt Dakota,Sawt Dakótạ,Shtat Paudnjovaja Dakota,Shádiʼááhjí Díkóodah Hahoodzo,Sid-Dakota,Sooth Dakota,Sor-Dakota,South Dakota,South Dakota suyu,State of South Dakota,Sud-Dakota,Suda Dakoto,Suda-Dakota,Sudur-Dakota,Sueued-Dakota,Suid-Dakota,Suth Dakota,Suður-Dakóta,Sør-Dakota,Súd-Dakota,Süüd-Dakota,Sūþ Dakota,Timog Dakota,UEuelen Dakota,dakhani dakota,dakwta aljnwbyh,dakwta aljnwbyt,dakwtay jnwby,dqwth hdrwmyt,jnwby dakwta,nan da ke ta zhou,rath sea th da kho ta,sa'utha dakota,sauseudakota ju,sausudakota zhou,terku takotta,Ñemby Dakota,Üülen Dakota,Νότια Ντακότα,Јужна Дакота,Кăнтăр Дакота,Кечӹвӓлвел Дакота,Көньяк Дакота,Көньяҡ Дакота,Південна Дакота,Хуссар Дакотæ,Штат Паўднёвая Дакота,Южна Дакота,Южная Дакота,Өмнә Дакот,Өмнөд Дакота,Հարավային Դակոտա,דקוטה הדרומית,דרום דעקאטע,جنوبی داکوتا,جنوبی ڈکوٹا,داكوتا الجنوبية,داكوتا الجنوبيه,داکوتای جنوبی,داکۆتای باشوور,ساؤتھ ڈیکوٹا,ܣܐܘܬ ܕܐܟܘܬܐ,साउथ डकोटा,সাউথ ডাকোটা,ਦੱਖਣੀ ਡਕੋਟਾ,தெற்கு டகோட்டா,തെക്കൻ ഡക്കോട്ട,รัฐเซาท์ดาโคตา,တောင်ဒါကိုတာပြည်နယ်,სამხრეთი დაკოტა,ደቡብ ዳኮታ,ᑖᑰᑖ ᓂᒋᖅ,サウスダコタ州,南达科他州,南達科他州,사우스다코타 주	44.50026	-100.25069	A	ADM1	US		SD				770184	548	543	America/Chicago	2013-01-11
5815135	Washington	Washington	Estado de Washington,Etat de Washington,Evergreen State,Fa-sun-tun,Fà-sṳn-tun,Hwaesingatun,Hwæsingatūn,Ipinle Washington,Ouasin'nkton,Shtat Vashyngton,Stat Washington,State of Washington,Tieu bang Washington,Tiểu bang Washington,Uashington,Vashington,Vashington Muzh Uls,Vasington,Vasingtona,Vasingtonas,Vasingtonia,Vasingtonio,Vasingtons,Vasinqton,Vaŝingtonio,Vaşington,Vaşinqton,Vašingtona,Vašingtonas,Vašingtons,Vooshinta,WA,Waashindoon Hahoodzo,Wachinton,Wachintòn,Wakinekona,Washingiton Shitati,Washington,Washington State,Washington suyu,Washingtoni osariik,Waszyngton,Wááshindoon Hahoodzo,ayalt washyngtn,hua sheng dun zhou,oyasintana,raasintana,rath wxchingtan,vashingtʼonis shtʼatʼi,vasigatana,vasingatana,vasintan,vosingatana rajya,vosingtana,washinton zhou,washngtn,washntn,washyngtn,wlayt washntn,wosingteon ju,wwsyngtwn,État de Washington,Ìpínlẹ̀ Washington,Ουάσινγκτον,Вашингтон,Вашингтон Муж Улс,Воошинта,Уашингтон,Штат Вашынгтон,Վաշինգտոն,וואשינגטאן,וושינגטון,ایالت واشینگتن,ریاست واشنگٹن,واشنطن,واشنگتن,واشنگٹن,واشینگتن,ولاية واشنطن,वासिंगटन,वॉशिंगटन राज्य,वॉशिंग्टन,ওয়াশিংটন,ৱাশিংটন,ਵਾਸ਼ਿੰਗਟਨ,வாஷிங்டன்,വാഷിങ്ടൺ,වොෂින්ටන්,รัฐวอชิงตัน,ཝ་ཤིན་ཏྲོན།,ဝါရှင်တန်ပြည်နယ်,ვაშინგტონის შტატი,ዋሽንግተን,ワシントン州,华盛顿州,華盛頓州,워싱턴 주	47.50012	-120.50147	A	ADM1	US		WA				6271775	555	553	America/Los_Angeles	2014-06-02
5843591	Wyoming	Wyoming	Equality State,Fai-ngo-min,Fài-ngò-mìn,Ouaiomin'nk,Shtat Vajoming,State of Wyoming,Uajoming,Vaiominga,Vajoming,Vajomingas,Vajomingo,Vajomings,Vajoomin,Vayoming,Vayominq,Vyomina,WY,Waiomin,Waiomina,Wayoming,Waịómịn,Wyoming,Wyoming Shitati,Wyoming suyu,Wááʼóómii Hahoodzo,huai e ming zhou,oya'iyomim,raa'i'omim,raayamim,rath wixoming,va'i'omiga,vaiomingi,vayeamin,vayomin,vayomina,vayoming,vayominga,waioming ju,waiomingu zhou,waywmngh,waywmnj,waywmyng,wayywmng,wywmyng,Ουαϊόμινγκ,Вайоминг,Вайомінг,Вайоомин,Вајоминг,Уайоминг,Уайомиҥ,Штат Ваёмінг,Վայոմինգ,וויאמינג,ויומינג,وائیومنگ,وايومنج,وايومنغ,وایومینگ,وایۆمینگ,ܘܐܝܘܡܝܢܓ,वायोमिंग,वायोमिङ,वायोमिङ्,ওয়াইয়োমিং,ৱাইওমিং,ৱায়মিং,ਵਾਇਓਮਿੰਗ,வயோமிங்,ವಯೋಮಿಂಗ್,വയോമിങ്,รัฐไวโอมิง,ཝ་ཡོ་མིང་།,ဝိုင်အိုးမင်းပြည်နယ်,ვაიომინგი,ዋዮሚንግ,ワイオミング州,怀俄明州,懷俄明州,와이오밍 주	43.00024	-107.5009	A	ADM1	US		WY				505907	1889	1884	America/Denver	2011-08-25
5855797	Hawaii	Hawaii	Aloha State,Awayi,Chabae,Gavai,Gavaji,Gavajlar,Gavajs'ki ostrovi,Gavayi,Gaway adalary,Gawaý adalary,HI,Ha-vi-yi,Ha-vî-yî,Hauai'i,Hauaiʻi,Havai,Havaii,Havaija,Havaiji,Havaj,Havajai,Havajas,Havaje,Havaji,Havajo,Havajē,Havay,Havayi,Havaí,Havái,Haváija,Haváí,Hawaai Hahoodzo,Hawaay,Hawai,Hawai - Hawai'i,Hawai'i,Hawaii,Hawaii osariik,Hawaii suyu,Hawaiʻi,Hawai‘i,Hawaje,Haway Shitati,Hawaï,Hawáai Hahoodzo,Hawái,Ka Pae 'Aina o Hawai'i,Ka Pae Moku o Hawai'i,Ka Pae Moku o Hawaiʻi,Ka Pae ʻĀina o Hawaiʻi,Ke Aupuni Mo'i o Hawai'i,Ke Aupuni Mōʻī o Hawaiʻi,Khavai,Khavaj,Khavaji,Kingdom of Hawaii,Republic of Hawaii,Shtat Gavai,State of Hawaii,ha'oya'i,haraa'i,hava'i,havai,havais shtʼatʼi,havay,havayi,hawai ju,hawai zhou,haway,hawayy,rath haway,xia wei yi,xia wei yi zhou,Χαβάη,Гавайи,Гавайлар,Гавайські острови,Гаваї,Хаваи,Хавай,Хаваји,Штат Гаваі,Һауайи,Հավայի,האוואי,הוואי,هاوائی,هاواى,هاواي,هاوایی,ھاوایی,ہوائی,हवाइ,हवाई,হাওয়াই,হাৱাই,ਹਵਾਈ,ஹவாய்,హవాయి,ಹವಾಯಿ,ഹവായി,รัฐฮาวาย,ཧ་ཝ་ཡི།,ဟာဝိုင်ယီပြည်နယ်,ჰავაი,ჰავაის შტატი,ሃዋኢ,ハワイ州,夏威夷,夏威夷州,하와이 주	20.75028	-156.50028	A	ADM1	US		HI				1284220	0	-9999	Pacific/Honolulu	2013-11-11
5879092	Alaska	Alaska	'Alaka,A-la-su-ka,AK,Alasca,Alaska,Alaska suyu,Alasko,Alaszka,Aleska,Aliaska,Aljask,Aljaska,Aljaska shtaty,Aljaskae,Aljaske,Aljaška,Alyaska,Alyaska Shitati,Aļaska,Ałasca,Estado de Alaska,Hakʼaz Dineʼé Bikéyah Hahoodzo,Land of the Midnight Sun,Shtat Aljaska,State of Alaska,a la si jia,a la si jia zhou,alasaka,alaska,allaeseuka ju,arasuka zhou,yەlaska,Àláskà,Â-lâ-sṳ̂-kâ,Αλάσκα,Аляск,Аляскæ,Аляска,Аляска штаты,Аляске,Алјаска,Аљаска,Штат Аляска,Ալյասկա,אלאסקע,אלסקה,آلاسکا,ألاسكا,ئەلاسکا,الاسكا,الاسکا,ܐܠܐܣܟܐ,अलास्का,अलास्‍का,আলাস্কা,ਅਲਾਸਕਾ,ଆଲାସ୍କା,அலாஸ்கா,అలాస్కా,ಅಲಾಸ್ಕ,അലാസ്ക,รัฐอะแลสกา,အလက်စကာပြည်နယ်,ალასკა,አላስካ,ᐊᓛᓯᑲ,‘Ālaka,アラスカ州,阿拉斯加,阿拉斯加州,알래스카 주	64.00028	-150.00028	A	ADM1	US		AK				660633	421	425	America/Anchorage	2011-08-25
6254925	Kentucky	Kentucky	Blue Grass State,KY,Kenekuke,Kentaki,Kentakii Hahoodzo,Kentakki,Kentoki,Kentorki,Kentucky,Kentucky suyu,Kentukes,Kentuki,Kentukia,Kentukio,Kentukis,Kentukki,Kentukki Shitati,Kentukės,Kentákii Hahoodzo,Kentórkị,Khen-thap-ki,Khén-thap-kî,Kintaaki,Kèntòki,Kéntukki Shitati,Shtat Kentuki,ken ta ji zhou,kenrakki,kentaki,kentakki,kentakki zhou,kenteoki ju,kitaki,kntaky,kێntaky,qntqy,rath khenthakki,Κεντάκι,Кентаки,Кентакки,Кентуки,Кентукки,Кентуккі,Кентъки,Кинтааки,Штат Кентукі,Կենտուկի,קנטקי,קענטאקי,كنتاكى,كنتاكي,کنتاکی,کینٹکی,کێنتاکی,केंटकी,केन्‍टकी,কেন্টাকি,ਕਿੰਟਕੀ,கென்டக்கி,കെന്റക്കി,รัฐเคนทักกี,ကင်တပ်ကီပြည်နယ်,კენტუკი,ኬንታኪ,ケンタッキー州,肯塔基州,켄터키 주	38.20042	-84.87762	A	ADM1	US		KY				4206074		157	America/New_York	2011-09-08
6254926	Massachusetts	Massachusetts	Bay State,MA,Ma-sat-chu-set,Makakukeka,Masachoset,Masachosèt,Masachouseti,Masachusets,Masachuusic,Masachuzets,Masacuseco,Masacusetsa,Masacusetsas,Masacusetsos,Masatsusets,Masaĉuseco,Masačusetsas,Masačusetsos,Masačūsetsa,Massachusets,Massachusets Shitati,Massachusetta,Massachusetts,Massachusetts suyu,Massachuséts Shitati,Massacusets,Massaçusets,Meesichooshish Hahoodzo,Mà-sat-chû-set,Másáchusẹts,Méésíchóoshish Hahoodzo,Shtat Masachusets,ma sa zhu sai,ma sa zhu sai zhou,ma sheng,macaccucets,maesachusecheu ju,maisacusatasa,maisacusitsa,masachusetsi,masachusettsu zhou,masachwst,masachwwsyts,masacyuserrs,masatshwsts,mesecyusetsa,mszwsts,Μασαχουσέτη,Масачузетс,Масачусетс,Масачуусиц,Массачусетс,Массачусеттс,Штат Масачусетс,Մասաչուսեթս,מאסאטשוסעטס,מסצוסטס,ماساتشوستس,ماساچوست,ماساچووسیتس,میساچوسٹس,میساچیوسٹس,ܡܐܣܐܬܫܘܣܬܣ,मासचुसेट्‍स,मॅसेच्युसेट्स,मैसाचूसिट्स,ম্যাসাচুসেট্‌স,ਮੈਸਾਚੂਸਟਸ,மாசச்சூசெட்ஸ்,മസാച്യുസെറ്റ്സ്,รัฐแมสซาชูเซตส์,မက်ဆာချူးဆက်ပြည်နယ်,მასაჩუსეთსი,მასაჩუსეტსი,ማሣቹሰትስ,ᒫᓵᓲᓰᑦᔅ,マサチューセッツ州,马萨诸塞,麻省,麻薩諸塞州,매사추세츠 주	42.36565	-71.10832	A	ADM1	US		MA				6433422		6	America/New_York	2011-09-09
6254927	Pennsylvania	Pennsylvania	Keystone State,PA,Penekelewinia,Pennsilfaani,Pennsilvani,Pennsilvania,Pennsilvanie,Pennsilvaniya,Pennsilvanië,Pennsilvània,Pennsylvani,Pennsylvania,Pennsylvania suyu,Pennsylvanie,Pennsylvannia,Pennsylvanía,Pennsylvānia,Penselvaneje,Pensil'vani,Pensil'vanij,Pensil'vanija,Pensilvajni,Pensilvani,Pensilvania,Pensilvanien,Pensilvanija,Pensilvanio,Pensilvaniya,Pensilvanya,Pensilveniya,Pensilvânia,Pensilvānija,Pensilwaniye Shitati,Pensoweiniyah Hahoodzo,Pensylvania,Pensylvanie,Pensylvánia,Pensylvánie,Pensylwania,Pensílvéníyạ,Pensėlvanėjė,Pin-se-fap-ni-a,Pynsylwanijo,Pynsylwańijo,Pènsilvani,Pénsilwaniye Shitati,Pénsówéíniyah Hahoodzo,Pîn-sé-fap-nì-â,Shtat Pensil'vanija,bin xi fa ni ya,bin xi fa ni ya zhou,bin xi fan ni ya zhou,bnsylfanya,painasilaveni'a,penasilabhaniya,penasilabhyaniya,penasilvheniya,pencilveniya,penshirubenia zhou,pensilaveniya,pensilbeinia ju,pnslwanya,pnsylbnyh,pnsylwanya,pێnsylvanya,rath phen silwe neiy,Πενσυλβάνια,Пеннсилвани,Пеннсүлваниа,Пенсилвайни,Пенсилвания,Пенсилванија,Пенсильвани,Пенсильваний,Пенсильвания,Пенсильванія,Штат Пенсільванія,Փենսիլվանիա,פנסילבניה,פענסילוועניע,بنسيلفانيا,پنسلوانیا,پنسیلوانیا,پێنسیلڤانیا,ܦܢܣܝܠܒܐܢܝܐ,पेनसिल्व्हेनिया,पेन्सिलवेनिया,पेन्‍सिल्‍वेनिया,পেনসিলভানিয়া,পেনসিলভ্যানিয়া,ਪੈੱਨਸਿਲਵੇਨੀਆ,பென்சில்வேனியா,പെൻ‌സിൽ‌വാനിയ,รัฐเพนซิลเวเนีย,ཕེན་སུལ་ཝེ་ནའི་ཡ།,ပင်ဆယ်ဗေးနီးယားပြည်နယ်,პენსილვანია,ፔንስልቬኒያ,ペンシルベニア州,宾夕法尼亚,宾夕法尼亚州,賓夕凡尼亞州,펜실베이니아 주	40.27245	-76.90567	A	ADM1	US		PA				12440621		90	America/New_York	2011-09-05
6254928	Virginia	Virginia	Bhirginia,Bijiniyah Hahoodzo,Bijíniyah Hahoodzo,Commonwealth of Virginia,Firginia,Old Dominion,Shtat Virdzhynija,VA,Veginiya,Vi-kit-ni-a,Vijini,Virchinia,Virciniya,Virdzhini,Virdzhinija,Virdzineje,Virdzinija,Virdžinija,Virdžinėjė,Virdžīnija,Virgini,Virginia,Virginia suyu,Virginie,Virginij,Virginija,Virginio,Virginië,Virginnia,Virginía,Virgínia,Virjinia,Virjiniya,Virjinya,Virjynni,Virtzinia,Virxinia,Virzhini,Végíníyà,Vì-kit-nì-â,Vîrjînya,Wilikinia,Wirginia,Wirginijo,Wirginiye Shitati,Wirgińijo,Yn Virjeeney,bajinia zhou,beojinia ju,bharjiniya,fu ji ni ya zhou,fyrjynya,rath wexrcineiy,varajini'a,varjiniya,vharjiniya,virjinia,vyrjynya,wei zhen ni ya zhou,wrjynya,wwyrdzsynyʻ,wyrgynyh,wyrjynya,Βιρτζίνια,Виирҗин,Виргини,Виргиний,Виргиния,Вирджини,Вирджиния,Виржини,Вирџинија,Вірджинія,Штат Вірджынія,Վիրջինիա,ווירדזשיניע,וירגיניה,فيرجينيا,ورجینیا,ویرجینیا,ڤیرجینیا,ܒܪܓܝܢܝܐ,वर्जिनिया,वर्जीनिया,व्हर्जिनिया,ভার্জিনিয়া,ਵਰਜਿਨੀਆ,வர்ஜீனியா,వర్జీనియా,ವರ್ಜೀನಿಯ,വിർജീനിയ,รัฐเวอร์จิเนีย,ཝིར་ཇི་ནི་ཡ།,ဗာဂျီးနီးယားပြည်နယ်,ვირჯინია,ቨርጂኒያ,バージニア州,弗吉尼亚州,維珍尼亞州,버지니아 주	37.54812	-77.44675	A	ADM1	US		VA				7642884		53	America/New_York	2011-12-28
